"GAME_ID","GAME_DT","GAME_CT","START_GAME_TM","DH_FL","DAYNIGHT_PARK_CD","AWAY_TEAM_ID","HOME_TEAM_ID","PARK_ID","BASE4_UMP_ID","BASE1_UMP_ID","BASE2_UMP_ID","ATTEND_PARK_CT","SCORER_RECORD_ID","METHOD_RECORD_CD","PITCHES_RECORD_CD","TEMP_PARK_CT","WIND_DIRECTION_PARK_CD","WIND_SPEED_PARK_CT","FIELD_PARK_CD","PRECIP_PARK_CD","SKY_PARK_CD","MINUTES_GAME_CT","WIN_PIT_ID","LOSE_PIT_ID","SAVE_PIT_ID"
"TOR202007290","20200729",0,605,"T","N","WAS","TOR","WAS11","sches901","westj901","wendh902",0,"",0,1,92,2,6,0,1,1,213,"hudsd001","yamas001",""
"TOR202007300","20200730",0,405,"T","D","WAS","TOR","WAS11","westj901","wendh902","carav901",0,"",0,1,95,1,4,0,1,2,215,"harpr001","ryu-h001","hudsd001"
"TOR202008110","20200811",0,637,"T","N","MIA","TOR","BUF05","hoyej901","ortir901","whitc901",0,"",0,1,77,8,19,0,1,2,200,"colea002","tarps001",""
"TOR202008120","20200812",0,637,"T","N","MIA","TOR","BUF05","ortir901","whitc901","carlm901",0,"",0,1,81,4,8,0,1,2,260,"kintb001","dolir001","smitj004"
"TOR202008140","20200814",0,637,"T","N","TBA","TOR","BUF05","sches901","wendh902","carav901",0,"",0,1,83,4,15,0,1,2,189,"fontw001","thomr007",""
"TOR202008150","20200815",0,107,"T","D","TBA","TOR","BUF05","wendh902","carav901","millb903",0,"",0,1,82,2,7,0,1,2,217,"loupa001","romaj004","anden001"
"TOR202008160","20200816",0,107,"T","D","TBA","TOR","BUF05","carav901","riggj901","sches901",0,"",0,1,77,3,11,0,1,2,174,"loupa001","fontw001","slega001"
"TOR202008201","20200820",1,107,"T","D","PHI","TOR","BUF05","millb903","riggj901","sches901",0,"",0,1,73,1,14,0,1,2,163,"romaj004","guerd001",""
"TOR202008202","20200820",2,432,"T","D","PHI","TOR","BUF05","carav901","sches901","wendh902",0,"",0,1,75,1,12,0,1,1,186,"kay-a001","nerih001","colea002"
"TOR202008250","20200825",0,637,"T","N","BOS","TOR","BUF05","iassd901","gibsh902","ramoc901",0,"",0,1,80,6,10,0,1,1,222,"valdp002","fontw001","barnm001"
"TOR202008260","20200826",0,637,"T","N","BOS","TOR","BUF05","may-b901","ramoc901","fleta901",0,"",0,1,72,3,9,0,1,3,178,"yamas001","brewc002",""
"TOR202008280","20200828",0,637,"T","N","BAL","TOR","BUF05","porta901","fostm901","barbs901",0,"",0,1,71,8,5,0,1,2,199,"dolir001","sulsc001",""
"TOR202008290","20200829",0,637,"T","N","BAL","TOR","BUF05","fostm901","barbs901","riggj901",0,"",0,1,72,8,19,0,1,2,164,"walkt004","cobba001",""
"TOR202008300","20200830",0,307,"T","D","BAL","TOR","BUF05","barbs901","riggj901","porta901",0,"",0,1,71,1,9,0,1,2,178,"bassa001","sulsc001",""
"TOR202008310","20200831",0,207,"T","D","BAL","TOR","BUF05","riggj901","porta901","fostm901",0,"",0,1,79,6,9,0,1,1,218,"valdc003","bassa001",""
"TOR202009042","20200904",2,732,"T","N","BOS","TOR","BOS07","millb903","welkb901","dejer901",0,"",0,1,77,2,11,0,1,1,169,"taylj001","strir001","barnm001"
"TOR202009070","20200907",0,637,"T","N","NYA","TOR","BUF05","hobep901","millb903","welkb901",0,"",0,1,76,2,16,0,1,2,242,"reids001","ottaa001",""
"TOR202009080","20200908",0,637,"T","N","NYA","TOR","BUF05","millb903","welkb901","dejer901",0,"",0,1,68,6,13,0,1,2,180,"yamas001","happj001","dolir001"
"TOR202009090","20200909",0,637,"T","N","NYA","TOR","BUF05","welkb901","dejer901","hobep901",0,"",0,1,75,6,10,0,1,1,184,"garcd003","strir001",""
"TOR202009110","20200911",0,637,"T","N","NYN","TOR","BUF05","nauep901","viscj901","fairc901",0,"",0,1,61,7,10,0,1,2,210,"degrj001","andec001","ramie004"
"TOR202009120","20200912",0,637,"T","N","NYN","TOR","BUF05","viscj901","fairc901","torrc901",0,"",0,1,75,1,12,0,1,2,202,"ray-r002","lugos001","dolir001"
"TOR202009130","20200913",0,307,"T","D","NYN","TOR","BUF05","fairc901","torrc901","nauep901",0,"",0,1,71,4,19,0,1,2,192,"ryu-h001","peted003",""
"TOR202009181","20200918",1,405,"T","D","PHI","TOR","PHI13","hobep901","addir901","conrc901",0,"",0,1,71,6,12,0,1,2,153,"efliz001","ray-r002",""
"TOR202009210","20200921",0,637,"T","N","NYA","TOR","BUF05","fairc901","torrc901","nauep901",0,"",0,1,67,4,7,0,1,1,236,"zeuct001","kingm002",""
"TOR202009220","20200922",0,637,"T","N","NYA","TOR","BUF05","torrc901","addir901","viscj901",0,"",0,1,66,0,7,0,1,2,209,"coleg001","roart001",""
"TOR202009230","20200923",0,637,"T","N","NYA","TOR","BUF05","addir901","viscj901","nauep901",0,"",0,1,68,3,17,0,1,1,219,"colea002","tanam001","strir001"
"TOR202009240","20200924",0,637,"T","N","NYA","TOR","BUF05","viscj901","nauep901","torrc901",0,"",0,1,68,2,14,0,1,2,191,"ryu-h001","montj004","dolir001"
"TOR202009250","20200925",0,637,"T","N","BAL","TOR","BUF05","nauep901","torrc901","fairc901",0,"",0,1,73,3,8,0,1,1,161,"pearn001","lopej004",""
"TOR202009260","20200926",0,637,"T","N","BAL","TOR","BUF05","torrc901","fairc901","viscj901",0,"",0,1,74,4,7,0,1,1,178,"andec001","meanj001","bassa001"
"TOR202009270","20200927",0,307,"T","D","BAL","TOR","BUF05","bacoj901","viscj901","nauep901",0,"",0,1,79,6,13,0,1,1,172,"lakit001","yamas001","valdc003"
