"GAME_ID","GAME_DT","GAME_CT","START_GAME_TM","DH_FL","DAYNIGHT_PARK_CD","AWAY_TEAM_ID","HOME_TEAM_ID","PARK_ID","BASE4_UMP_ID","BASE1_UMP_ID","BASE2_UMP_ID","ATTEND_PARK_CT","SCORER_RECORD_ID","METHOD_RECORD_CD","PITCHES_RECORD_CD","TEMP_PARK_CT","WIND_DIRECTION_PARK_CD","WIND_SPEED_PARK_CT","FIELD_PARK_CD","PRECIP_PARK_CD","SKY_PARK_CD","MINUTES_GAME_CT","WIN_PIT_ID","LOSE_PIT_ID","SAVE_PIT_ID"
"ARI202007300","20200730",0,640,"T","N","LAN","ARI","PHO01","rippm901","wolcq901","barrt901",0,"",0,1,77,0,0,0,1,5,199,"strir001","ray-r002","baezp001"
"ARI202007310","20200731",0,640,"T","N","LAN","ARI","PHO01","wolcq901","barrt901","johna901",0,"",0,1,77,0,0,0,1,5,195,"rondh001","treib001","brada001"
"ARI202008010","20200801",0,510,"T","N","LAN","ARI","PHO01","barrt901","johna901","rippm901",0,"",0,1,77,0,0,0,1,5,169,"uriaj001","weavl001",""
"ARI202008020","20200802",0,110,"T","D","LAN","ARI","PHO01","johna901","rippm901","wolcq901",0,"",0,1,77,0,0,0,1,5,176,"kersc001","kellm002","jansk001"
"ARI202008040","20200804",0,610,"T","N","HOU","ARI","PHO01","wolcq901","mahrn901","barrt901",0,"",0,1,77,0,0,0,1,5,189,"javic001","bumgm001",""
"ARI202008050","20200805",0,610,"T","N","HOU","ARI","PHO01","mahrn901","barrt901","johna901",0,"",0,1,77,0,0,0,1,5,194,"ray-r002","mccul002",""
"ARI202008060","20200806",0,407,"T","D","HOU","ARI","PHO01","barrt901","johna901","wolcq901",0,"",0,1,77,0,0,0,1,5,195,"guerj003","presr001",""
"ARI202008140","20200814",0,640,"T","N","SDN","ARI","PHO01","blasc901","marqa901","guccc901",0,"",0,1,113,3,13,0,1,1,183,"kellm002","lamed001",""
"ARI202008150","20200815",0,510,"T","N","SDN","ARI","PHO01","marqa901","guccc901","cejan901",0,"",0,1,77,0,0,0,1,5,203,"crics001","johnp001","brada001"
"ARI202008160","20200816",0,110,"T","D","SDN","ARI","PHO01","guccc901","cejan901","blasc901",0,"",0,1,79,0,0,0,1,5,193,"clart003","pagae001","brada001"
"ARI202008170","20200817",0,640,"T","N","OAK","ARI","PHO01","knigb901","muchm901","moorm901",0,"",0,1,79,0,0,0,1,1,186,"crics001","sorij001",""
"ARI202008180","20200818",0,310,"T","D","OAK","ARI","PHO01","muchm901","moorm901","hudsm901",0,"",0,1,78,0,0,0,1,5,184,"weavl001","montf001",""
"ARI202008240","20200824",0,640,"T","N","COL","ARI","PHO01","mosce901","drakr901","eddid901",0,"",0,1,113,0,4,0,1,2,199,"castr005","widet001","bardd001"
"ARI202008250","20200825",0,640,"T","N","COL","ARI","PHO01","drakr901","eddid901","millb901",0,"",0,1,79,0,0,0,1,5,232,"diazj006","crics001","bardd001"
"ARI202008260","20200826",0,640,"T","N","COL","ARI","PHO01","eddid901","millb901","mosce901",0,"",0,1,107,3,6,0,1,2,223,"grayj003","ray-r002","hoffj003"
"ARI202008280","20200828",0,640,"T","N","SFN","ARI","PHO01","millb901","mosce901","drakr901",0,"",0,1,108,0,5,0,1,1,169,"gallz001","andet002",""
"ARI202008290","20200829",0,510,"T","N","SFN","ARI","PHO01","mosce901","drakr901","eddid901",0,"",0,1,78,0,0,0,1,5,192,"garcj006","weavl001","roget002"
"ARI202008300","20200830",0,110,"T","D","SFN","ARI","PHO01","drakr901","eddid901","millb901",0,"",0,1,76,0,0,0,1,5,175,"watst001","crics001","coons001"
"ARI202009080","20200908",0,640,"T","N","LAN","ARI","PHO01","mosce901","drakr901","eddid901",0,"",0,1,95,0,19,0,1,2,265,"jansk001","lopey001",""
"ARI202009090","20200909",0,640,"T","N","LAN","ARI","PHO01","drakr901","eddid901","millb901",0,"",0,1,86,2,7,0,1,1,200,"mcgej001","ginkk001","treib001"
"ARI202009100","20200910",0,640,"T","N","LAN","ARI","PHO01","eddid901","cejan901","mosce901",0,"",0,1,87,0,5,0,1,2,211,"smitr005","gonst001","bergt001"
"ARI202009110","20200911",0,640,"T","N","SEA","ARI","PHO01","millb901","mosce901","drakr901",0,"",0,1,89,0,0,0,1,2,152,"youna002","kikuy001","crics001"
"ARI202009120","20200912",0,510,"T","N","SEA","ARI","PHO01","cejan901","millb901","eddid901",0,"",0,1,78,0,0,0,1,5,165,"shefj001","gallz001",""
"ARI202009130","20200913",0,110,"T","D","SEA","ARI","PHO01","mosce901","eddid901","drakr901",0,"",0,1,75,0,0,0,1,5,212,"sadlc002","weavl001",""
"ARI202009220","20200922",0,610,"T","N","TEX","ARI","PHO01","libkj901","mahrn901","reynj901",0,"",0,1,100,0,8,0,1,1,176,"smitr005","lylej001",""
"ARI202009230","20200923",0,310,"T","D","TEX","ARI","PHO01","mahrn901","reynj901","barrl901",0,"",0,1,78,0,0,0,1,5,177,"mellk001","goodn001",""
"ARI202009251","20200925",1,340,"T","D","COL","ARI","PHO01","reynj901","libkj901","barrl901",0,"",0,1,77,0,0,0,1,5,156,"gallz001","senza001","crics001"
"ARI202009252","20200925",2,700,"T","N","COL","ARI","PHO01","mccrk901","barrl901","libkj901",0,"",0,1,102,0,6,0,1,1,178,"clart003","santa004",""
"ARI202009260","20200926",0,510,"T","N","COL","ARI","PHO01","barrl901","mahrn901","libkj901",0,"",0,1,76,0,0,0,1,5,183,"marqg001","weavl001",""
"ARI202009270","20200927",0,1210,"T","D","COL","ARI","PHO01","mahrn901","libkj901","reynj901",0,"",0,1,75,0,0,0,1,5,174,"bumgm001","freek001",""
