"GAME_ID","GAME_DT","GAME_CT","START_GAME_TM","DH_FL","DAYNIGHT_PARK_CD","AWAY_TEAM_ID","HOME_TEAM_ID","PARK_ID","BASE4_UMP_ID","BASE1_UMP_ID","BASE2_UMP_ID","ATTEND_PARK_CT","SCORER_RECORD_ID","METHOD_RECORD_CD","PITCHES_RECORD_CD","TEMP_PARK_CT","WIND_DIRECTION_PARK_CD","WIND_SPEED_PARK_CT","FIELD_PARK_CD","PRECIP_PARK_CD","SKY_PARK_CD","MINUTES_GAME_CT","WIN_PIT_ID","LOSE_PIT_ID","SAVE_PIT_ID"
"NYN202007240","20200724",0,410,"T","D","ATL","NYN","NYC20","nauep901","fairc901","torrc901",0,"",0,1,81,3,10,0,1,2,145,"lugos001","martc007","diaze006"
"NYN202007250","20200725",0,410,"T","D","ATL","NYN","NYC20","fairc901","torrc901","addir901",0,"",0,1,89,2,10,0,1,2,201,"jackl001","strih001",""
"NYN202007260","20200726",0,708,"T","N","ATL","NYN","NYC20","torrc901","addir901","nauep901",0,"",0,1,91,3,12,0,1,2,200,"chacj001","porcr001",""
"NYN202007290","20200729",0,710,"T","N","BOS","NYN","NYC20","estam901","whitc901","carlm901",0,"",0,1,84,5,13,0,1,1,224,"hembh001","wilsj004","workb001"
"NYN202007300","20200730",0,707,"T","N","BOS","NYN","NYC20","barbs901","wegnm901","fostm901",0,"",0,1,86,4,6,0,1,2,229,"perem004","matzs001","workb001"
"NYN202008070","20200807",0,710,"T","N","MIA","NYN","NYC20","estam901","whitc901","carlm901",0,"",0,1,77,0,9,0,1,2,214,"tarps001","wachm001","vincn001"
"NYN202008080","20200808",0,710,"T","N","MIA","NYN","NYC20","whitc901","carlm901","hoyej901",0,"",0,1,80,7,9,0,1,1,183,"peted003","castd003",""
"NYN202008090","20200809",0,110,"T","D","MIA","NYN","NYC20","carlm901","hoyej901","estam901",0,"",0,1,85,0,6,0,1,2,189,"degrj001","lopep002","lugos001"
"NYN202008100","20200810",0,710,"T","N","WAS","NYN","NYC20","fairc901","viscj901","addir901",0,"",0,1,84,7,12,0,1,1,179,"corbp001","matzs001",""
"NYN202008110","20200811",0,710,"T","N","WAS","NYN","NYC20","viscj901","addir901","torrc901",0,"",0,1,83,3,7,0,1,2,175,"schem001","porcr001","hudsd001"
"NYN202008120","20200812",0,710,"T","N","WAS","NYN","NYC20","addir901","torrc901","fairc901",0,"",0,1,83,1,4,0,1,2,199,"famij001","sanca004",""
"NYN202008130","20200813",0,110,"T","D","WAS","NYN","NYC20","torrc901","fairc901","viscj901",0,"",0,1,79,7,6,0,1,2,205,"peted003","votha001",""
"NYN202008251","20200825",1,510,"T","N","MIA","NYN","NYC20","torrc901","becka901","viscj901",0,"",0,1,89,4,6,0,1,2,157,"bleir001","porcr001",""
"NYN202008260","20200826",0,710,"T","N","MIA","NYN","NYC20","viscj901","nauep901","torrc901",0,"",0,1,76,5,13,0,1,2,196,"bracb001","vincn001",""
"NYN202008282","20200828",2,841,"T","N","NYA","NYN","NYC21","rackd901","conrc901","vanol901",0,"",0,1,79,0,7,0,1,3,143,"hughj001","chapa001",""
"NYN202008302","20200830",2,522,"T","N","NYA","NYN","NYC21","vanol901","rackd901","addir901",0,"",0,1,79,2,12,0,1,2,165,"holdj002","smitd009","cessl001"
"NYN202008310","20200831",0,110,"T","D","MIA","NYN","NYC20","barkl901","addir901","conrc901",0,"",0,1,73,5,6,0,1,2,183,"roget003","degrj001","kintb001"
"NYN202009030","20200903",0,410,"T","D","NYA","NYN","NYC20","fairc901","nauep901","viscj901",0,"",0,1,88,5,7,0,1,2,240,"diaze006","abrea001",""
"NYN202009040","20200904",0,710,"T","N","PHI","NYN","NYC20","nauep901","viscj901","ortir901",0,"",0,1,82,5,7,0,1,2,191,"arrij001","hughj001","workb001"
"NYN202009050","20200905",0,710,"T","N","PHI","NYN","NYC20","viscj901","ortir901","fairc901",0,"",0,1,77,7,11,0,1,2,188,"lugos001","howas003",""
"NYN202009060","20200906",0,110,"T","D","PHI","NYN","NYC20","ortir901","fairc901","nauep901",0,"",0,1,82,4,5,0,1,2,198,"degrj001","nolaa001",""
"NYN202009070","20200907",0,110,"T","D","PHI","NYN","NYC20","fairc901","torrc901","nauep901",0,"",0,1,80,5,13,0,1,2,220,"workb001","castm002","nerih001"
"NYN202009080","20200908",0,710,"T","N","BAL","NYN","NYC20","torrc901","ortir901","nauep901",0,"",0,1,77,8,9,0,1,2,181,"meanj001","wachm001",""
"NYN202009090","20200909",0,710,"T","N","BAL","NYN","NYC20","ortir901","nauep901","fairc901",0,"",0,1,79,2,9,0,1,2,205,"famij001","harvh001","diaze006"
"NYN202009180","20200918",0,710,"T","N","ATL","NYN","NYC20","becka901","barbs901","porta901",0,"",0,1,68,5,16,0,1,1,219,"friem001","matzs001",""
"NYN202009190","20200919",0,707,"T","N","ATL","NYN","NYC20","barbs901","porta901","wegnm901",0,"",0,1,62,5,10,0,1,1,212,"peted003","andei001",""
"NYN202009200","20200920",0,110,"T","D","ATL","NYN","NYC20","porta901","wegnm901","becka901",0,"",0,1,60,5,14,0,1,2,189,"wrigk001","porcr001",""
"NYN202009210","20200921",0,710,"T","N","TBA","NYN","NYC20","vanol901","rackd901","barkl901",0,"",0,1,62,2,7,0,1,2,180,"flemj001","degrj001","anden001"
"NYN202009220","20200922",0,710,"T","N","TBA","NYN","NYC20","rackd901","barkl901","conrc901",0,"",0,1,69,2,11,0,1,1,183,"lugos001","snelb001","diaze006"
"NYN202009230","20200923",0,710,"T","N","TBA","NYN","NYC20","barkl901","conrc901","vanol901",0,"",0,1,76,1,8,0,1,1,173,"glast001","wachm001",""
